,all_stim,area,cell_specimen_id,donor_full_genotype,dsi_dg,experiment_container_id,failed_experiment_container,g_dsi_dg,g_osi_dg,g_osi_sg,image_sel_ns,imaging_depth,osi_dg,osi_sg,p_dg,p_ns,p_run_mod_dg,p_run_mod_ns,p_run_mod_sg,p_sg,peak_dff_dg,peak_dff_ns,peak_dff_sg,pref_dir_dg,pref_image_ns,pref_ori_sg,pref_phase_sg,pref_sf_sg,pref_tf_dg,reliability_dg,reliability_nm1_a,reliability_nm1_b,reliability_nm1_c,reliability_nm2,reliability_nm3,reliability_ns,reliability_sg,rf_area_off_lsn,rf_area_on_lsn,rf_center_off_x_lsn,rf_center_off_y_lsn,rf_center_on_x_lsn,rf_center_on_y_lsn,rf_chi2_lsn,rf_distance_lsn,rf_overlap_index_lsn,run_mod_dg,run_mod_ns,run_mod_sg,sfdi_sg,specimen_id,tfdi_dg,time_to_peak_ns,time_to_peak_sg,tld1_id,tld1_name,tld2_id,tld2_name,tlr1_id,tlr1_name
2010,True,VISpm,517423581,Cux2-CreERT2/wt;Camk2a-tTA/wt;Ai93(TITL-GCaMP6f)/Ai93(TITL-GCaMP6f),,511510753,False,0.49828723347228,1.0,0.518103328645139,0.498677966101695,175,,0.985222954515142,0.273890110027822,1.42243387312192e-06,0.16396770378814,0.0773608511949639,0.773710619729458,5.69888316266971e-07,2.99617987213035,9.77838034376502,5.6050285603106,,94.0,120.0,0.75,0.02,,0.00422458602042091,0.0893035976737591,0.103047323142161,0.465237022744216,0.195670716608894,0.0140303234598895,0.0663321929145633,0.0404790864338239,,,,,,,0.999990593564824,,,-1.60069584933701,-0.903218551896853,-0.180091555311643,0.319689695841241,496001363,0.196580643885381,0.332499999999989,0.232749999999992,177839004,Cux2-CreERT2,177837320.0,Camk2a-tTA,265943423,Ai93(TITL-GCaMP6f)
2012,True,VISpm,517423604,Cux2-CreERT2/wt;Camk2a-tTA/wt;Ai93(TITL-GCaMP6f)/Ai93(TITL-GCaMP6f),1.45753601725258,511510753,False,1.0,1.0,0.590925827341063,0.696966101694915,175,,0.709715893946804,7.67764219942058e-06,3.84417399880588e-88,0.0597699472814188,1.83734162092629e-05,0.838354371015734,6.35887018080111e-07,3.40036097168922,31.4807395416498,2.92718193352222,0.0,69.0,120.0,0.0,0.02,1.0,0.0411981755971303,0.0124690585126969,0.0288748748154977,0.0127206707342887,0.0153687209425281,0.0318147365469212,0.392184463155648,0.0258103479164007,,,,,,,0.999192916161617,,,1.13257228772708,0.829786412776991,-0.110243796783174,0.323156077718932,496001363,0.361732577461859,0.332499999999989,0.332499999999989,177839004,Cux2-CreERT2,177837320.0,Camk2a-tTA,265943423,Ai93(TITL-GCaMP6f)
2014,True,VISpm,517423621,Cux2-CreERT2/wt;Camk2a-tTA/wt;Ai93(TITL-GCaMP6f)/Ai93(TITL-GCaMP6f),0.302188673943556,511510753,False,0.135040556486179,0.306873828433724,0.510512470914613,0.232118644067797,175,0.434593463719686,0.46277927979585,1.50682321133651e-05,2.2366424610423e-05,0.694184473469749,0.139274386190677,0.0129369991686701,9.97869150502765e-14,1.09378107041121,1.10552038505673,1.39546855381675,0.0,48.0,0.0,0.5,0.02,2.0,-0.0113848674094152,-0.00568068256491847,0.00152156692575256,0.00467650981384588,0.00160583557006193,0.00180847776569238,0.00931878403274861,0.00752762121828133,,,,,,,0.999999971218814,,,0.22501085161044,0.959424113070909,0.928412993633537,0.317626814241217,496001363,0.386772963097645,0.199499999999993,0.365749999999988,177839004,Cux2-CreERT2,177837320.0,Camk2a-tTA,265943423,Ai93(TITL-GCaMP6f)
2016,True,VISpm,517423644,Cux2-CreERT2/wt;Camk2a-tTA/wt;Ai93(TITL-GCaMP6f)/Ai93(TITL-GCaMP6f),,511510753,False,0.630134493266107,0.273886005977133,0.818059262868763,0.801593220338983,175,,,0.246261985342057,3.23121995136694e-226,0.374301075480437,0.778848668699963,0.315756018911636,0.00032768107847584,0.607879136626919,60.970701675415,1.17019867893308,,26.0,30.0,0.5,0.32,,0.0245447889906984,0.0178935316822824,0.00799410549215531,0.0015014336776987,0.0188587294694039,0.0103567244140011,0.778706123367978,-0.00020438026988104,,11.4614789804799,,,69.5948912162893,37.4044452160133,0.999999999904887,,,-0.706338949568847,-0.0524904237629755,0.669124817420996,0.191918484219016,496001363,0.303042350167486,0.29924999999999,0.199499999999993,177839004,Cux2-CreERT2,177837320.0,Camk2a-tTA,265943423,Ai93(TITL-GCaMP6f)
2024,True,VISpm,517423693,Cux2-CreERT2/wt;Camk2a-tTA/wt;Ai93(TITL-GCaMP6f)/Ai93(TITL-GCaMP6f),,511510753,False,1.0,1.0,0.543123309385262,0.480271186440678,175,,0.544716735302232,1.79408239395679e-18,6.22098297274819e-20,0.655830157410212,0.000961679164464781,0.809807304722719,1.58609164284511e-23,6.50601743459702,40.9276064397581,13.1907946812583,270.0,37.0,150.0,0.25,0.08,15.0,0.628258566801729,0.0818857800218445,0.065463619609831,0.0377839800363432,0.00665809684296993,0.0892425674824151,0.170305237838362,0.0107596355306802,91.2447831932428,,61.4193528832313,40.0700756782315,,,0.461725685114166,,,-0.814703203422919,0.890476426031828,0.221537821066105,0.200591591244803,496001363,0.396424106449452,0.332499999999989,,177839004,Cux2-CreERT2,177837320.0,Camk2a-tTA,265943423,Ai93(TITL-GCaMP6f)
2034,True,VISpm,517423774,Cux2-CreERT2/wt;Camk2a-tTA/wt;Ai93(TITL-GCaMP6f)/Ai93(TITL-GCaMP6f),,511510753,False,0.96537810200919,0.876173172319574,0.656187938517115,0.00144067796610181,175,,1.00198222819856,0.00986216142888434,3.88113944695152e-05,0.004908702340378,0.863112313623658,0.404287920571454,0.000308181592568162,0.818996370903083,1.02155611705035,2.30201220227767,135.0,75.0,90.0,0.75,0.02,4.0,-0.0145819503693318,0.0167604777019262,0.0536804204352664,0.0919266532970025,0.24873227694383,0.0828459199396131,0.0220306771750931,0.00930329623327174,,12.2078319745711,,,55.7126801317513,46.4735060598792,0.99747032184151,,,-1.6677205030661,-0.118035517189375,0.829702963424829,0.178829692765872,496001363,0.27843140444744,0.199499999999993,0.398999999999987,177839004,Cux2-CreERT2,177837320.0,Camk2a-tTA,265943423,Ai93(TITL-GCaMP6f)
2035,True,VISpm,517423792,Cux2-CreERT2/wt;Camk2a-tTA/wt;Ai93(TITL-GCaMP6f)/Ai93(TITL-GCaMP6f),0.229789661779018,511510753,False,0.229156582674214,0.959160620466181,0.615570185075593,0.447898305084746,175,1.19771052728772,0.914097406222895,1.49849721618035e-27,8.91378475398891e-10,0.0245560745114076,0.672529817973322,0.43456597903864,8.25734425671493e-07,19.5668588929499,2.82772468835115,2.92104404173791,270.0,64.0,30.0,0.0,0.04,15.0,0.185896268499805,0.0284995903460673,0.00611607322047595,0.0260142710853835,0.0389068210844737,0.00509848323222776,0.00485144566840049,0.00203129633065311,,,,,,,1.0,,,0.823444694236584,-0.297739076787427,-0.581195842718818,0.223265535591938,496001363,0.391947420404227,0.29924999999999,0.0997499999999967,177839004,Cux2-CreERT2,177837320.0,Camk2a-tTA,265943423,Ai93(TITL-GCaMP6f)
2037,True,VISpm,517423806,Cux2-CreERT2/wt;Camk2a-tTA/wt;Ai93(TITL-GCaMP6f)/Ai93(TITL-GCaMP6f),,511510753,False,0.385987078928179,0.627945182965384,1.0,0.313203389830509,175,,,0.170123007325465,1.0539667821491e-12,0.697993844905121,0.465089680315263,0.575811914494043,0.0022157095023147,5.10722762878452,14.8655722965486,9.68292953381315,,59.0,90.0,0.0,0.04,,-0.00597401152473423,0.0422272452893704,0.018173135170625,0.0352761080150599,0.017390429349529,0.0182974703064616,0.0459146695800258,0.0279516476614393,,47.2013294991785,,,103.695276879234,3.48169016418493,0.091335586774011,,,0.868300779622003,0.363075134618805,0.424730213744764,0.226325692234989,496001363,0.311054624871761,0.432249999999986,0.29924999999999,177839004,Cux2-CreERT2,177837320.0,Camk2a-tTA,265943423,Ai93(TITL-GCaMP6f)
2041,True,VISpm,517423834,Cux2-CreERT2/wt;Camk2a-tTA/wt;Ai93(TITL-GCaMP6f)/Ai93(TITL-GCaMP6f),,511510753,False,0.831090267202211,0.660941237458971,0.508180702602499,0.207898305084746,175,1.03386245627554,1.30334957648565,0.0159689368785421,7.11523293711341e-06,0.304501381341161,0.258739561142727,0.587021585720821,0.00142580936690157,2.30703268634776,1.85478203088045,0.891247544554062,0.0,12.0,90.0,0.0,0.32,1.0,0.00201038030442327,0.0363646488055177,0.119551349503341,0.217516193389066,0.573950509288472,0.310134388236118,0.0153468523591555,0.020550772173474,,,,,,,0.999999999902301,,,-0.900696262743434,0.552299123328329,0.288289768642368,0.218689717589853,496001363,0.272317247094189,0.166249999999994,0.166249999999994,177839004,Cux2-CreERT2,177837320.0,Camk2a-tTA,265943423,Ai93(TITL-GCaMP6f)
2046,True,VISpm,517423865,Cux2-CreERT2/wt;Camk2a-tTA/wt;Ai93(TITL-GCaMP6f)/Ai93(TITL-GCaMP6f),0.222195627254379,511510753,False,0.0836312170312563,0.374926303907926,0.561765760174816,0.26564406779661,175,0.69108234008388,1.4506794758766,0.00129568095619273,2.73877109569664e-09,0.194345413091413,0.0317067906117649,0.43808602694473,0.0106947721326177,0.940933497995138,0.878526932438836,1.42458006335726,180.0,77.0,60.0,0.25,0.08,1.0,-0.0198033121957196,0.0076224146686093,0.00680568356104979,0.00680458240512054,0.48738342034081,0.0829735437366516,-0.00164123818244058,0.0498399447402647,,,,,,,1.0,,,0.61888503310901,-1.17713061283389,-0.619415013884781,0.199735817466315,496001363,0.268496756681347,0.232749999999992,0.0997499999999967,177839004,Cux2-CreERT2,177837320.0,Camk2a-tTA,265943423,Ai93(TITL-GCaMP6f)
2067,True,VISpm,517424066,Cux2-CreERT2/wt;Camk2a-tTA/wt;Ai93(TITL-GCaMP6f)/Ai93(TITL-GCaMP6f),0.484842454099101,511510753,False,0.479548871392214,0.995560169977909,0.974987382283925,0.0463898305084747,175,1.33596128797424,1.13388071782486,6.82280438592765e-13,5.17510003558941e-17,0.262884745866312,0.871814226633659,0.0691912302219007,2.27606384246904e-27,5.72604215343793,1.49138091467321,3.30337589953619,270.0,88.0,90.0,0.5,0.04,8.0,0.0543711591384642,0.00276919501124568,0.0194281006694176,0.00652308909142942,0.0128070071776087,0.00149605980668201,0.0262461522214484,0.0629272171857322,,,,,,,0.999993675465113,,,-0.441035351865484,0.145410693409386,0.654673407289925,0.321478596402699,496001363,0.278513893526275,0.166249999999994,0.132999999999996,177839004,Cux2-CreERT2,177837320.0,Camk2a-tTA,265943423,Ai93(TITL-GCaMP6f)
2077,True,VISpm,517424118,Cux2-CreERT2/wt;Camk2a-tTA/wt;Ai93(TITL-GCaMP6f)/Ai93(TITL-GCaMP6f),,511510753,False,0.425413618814855,0.740721558010749,0.793280781019567,0.482559322033898,175,,,0.0582459591207894,0.00245673829074392,0.213155281429853,0.171031573565927,0.20722498470985,0.0739241679877207,1.62998743297843,5.2590749451844,1.19062108360231,,49.0,,,,,-0.0204173498017533,0.0137480940328834,-0.0022251493445566,0.0147747396850058,0.0590870269026131,0.0272778804650395,0.0137285412749796,-0.00655834112152779,,,,,,,0.999999999983681,,,-1.12544710360472,0.994194758614224,-1.25345515468191,0.150078495261346,496001363,0.219944488792066,0.332499999999989,,177839004,Cux2-CreERT2,177837320.0,Camk2a-tTA,265943423,Ai93(TITL-GCaMP6f)
2080,True,VISpm,517424140,Cux2-CreERT2/wt;Camk2a-tTA/wt;Ai93(TITL-GCaMP6f)/Ai93(TITL-GCaMP6f),0.722293836150685,511510753,False,0.331559805763239,0.566300669907325,0.396270648553466,0.244406779661017,175,0.908133773080235,0.816256473522474,1.29282137930198e-09,2.33775821006739e-06,0.27390438384864,0.446532373615001,0.247024484384498,3.12467288207987e-11,6.46652713517348,2.07256469041109,1.11288035459196,315.0,59.0,150.0,0.75,0.02,8.0,0.043346526316992,0.0466838395077509,0.00831169910485645,0.00309290532247998,0.0144534544076731,0.0277667186544504,-0.0137583135592441,0.0055996523099835,,,,,,,0.999999997092802,,,0.857814989269625,-0.694126207126824,0.892183887516296,0.206168158955368,496001363,0.333294520932818,0.0332499999999989,0.132999999999996,177839004,Cux2-CreERT2,177837320.0,Camk2a-tTA,265943423,Ai93(TITL-GCaMP6f)
2085,True,VISpm,517424181,Cux2-CreERT2/wt;Camk2a-tTA/wt;Ai93(TITL-GCaMP6f)/Ai93(TITL-GCaMP6f),,511510753,False,0.441941231904461,0.19439909084728,0.688173582254182,,175,0.148560946818353,,2.65383495894005e-07,0.0410399560206701,0.278729439734932,0.119000841936142,0.124892157651417,6.40656523804731e-06,1.78649426358087,1.47603949867189,2.53774311591168,315.0,94.0,60.0,0.25,0.04,15.0,0.00591347396981817,0.0368735251083798,0.0661999418086073,0.0564512127239665,0.161944902062389,0.00871075410406419,0.0135740794787101,0.0894502368155882,,190.96310690809,,,54.4838695555579,22.9818644043239,0.305555520787702,,,0.811306981280057,0.723374389785495,0.40620651550225,0.219228373600723,496001363,0.382386040713628,0.132999999999996,0.29924999999999,177839004,Cux2-CreERT2,177837320.0,Camk2a-tTA,265943423,Ai93(TITL-GCaMP6f)
2087,True,VISpm,517424205,Cux2-CreERT2/wt;Camk2a-tTA/wt;Ai93(TITL-GCaMP6f)/Ai93(TITL-GCaMP6f),0.815490496482426,511510753,False,0.660619432718148,0.533090718157516,0.54548492601372,0.236966101694915,175,0.716002124469529,0.998981788563894,0.0252695069501801,6.66280769301983e-05,0.212121167393394,0.103294314516079,0.400460553109185,9.01552298150092e-09,3.98268219629924,2.65289098012727,3.20545064078226,90.0,5.0,120.0,0.5,0.16,2.0,0.00633526766113064,0.0445728625930942,0.00468425454113418,0.00608527667716574,0.00758005975236024,0.0119749682433047,0.0347724228296563,0.00260437265231475,,11.1943142138409,,,28.0130169168037,41.9987444666883,0.000133324769573284,,,1.05612048140515,0.782775627052917,0.845779037233452,0.184922558202555,496001363,0.246016674381237,0.166249999999994,0.29924999999999,177839004,Cux2-CreERT2,177837320.0,Camk2a-tTA,265943423,Ai93(TITL-GCaMP6f)
2104,True,VISpm,517424448,Cux2-CreERT2/wt;Camk2a-tTA/wt;Ai93(TITL-GCaMP6f)/Ai93(TITL-GCaMP6f),0.810125149503036,511510753,False,0.477447755405769,0.772328748297531,0.309806233180206,0.219576271186441,175,0.977736231875008,0.820446842605437,1.2639867147907e-09,4.85036389770106e-08,0.39803132173764,0.00850749147527624,0.107280761719715,0.00639084018377292,7.31328520973523,6.89326544009149,3.72349228443844,45.0,64.0,120.0,0.0,0.08,4.0,0.010249510020942,0.0212550442138202,0.0095633130090021,0.00902215317252182,0.00695687372593927,0.058501844880661,0.0334163703767616,-0.00524080502591437,,,,,,,0.999999999861798,,,-0.852794651611629,-1.138858463583,-0.902043121982223,0.213283476794222,496001363,0.23953602000427,0.398999999999987,0.365749999999988,177839004,Cux2-CreERT2,177837320.0,Camk2a-tTA,265943423,Ai93(TITL-GCaMP6f)
2108,True,VISpm,517424469,Cux2-CreERT2/wt;Camk2a-tTA/wt;Ai93(TITL-GCaMP6f)/Ai93(TITL-GCaMP6f),,511510753,False,0.666830263796469,0.690702155702573,0.642028819186756,0.171423728813559,175,,1.20747041960963,1.28387046636269e-36,0.0133033265066385,0.938125565606588,0.838840339821271,0.17261147115392,0.00285317446167056,5.70464379355156,6.09488743901253,4.24576389048404,270.0,59.0,150.0,0.5,0.32,8.0,0.273496849892362,0.0271275769384826,0.055697277394133,0.169210151303984,0.0640520762728614,0.352952837393481,0.0475925443909119,0.0312340859417862,12.3075651259399,10.6619069876125,120.725137152956,9.3675771317495,97.4957712741972,32.4994363831334,0.999998942821866,32.782409178629,0.0,0.110156864517669,-0.179873160631878,-0.87147966857884,0.252152010675812,496001363,0.322507746702922,0.365749999999988,0.365749999999988,177839004,Cux2-CreERT2,177837320.0,Camk2a-tTA,265943423,Ai93(TITL-GCaMP6f)
2130,True,VISpm,517424709,Cux2-CreERT2/wt;Camk2a-tTA/wt;Ai93(TITL-GCaMP6f)/Ai93(TITL-GCaMP6f),,511510753,False,0.624862609455377,0.849390332873484,0.810619132005097,0.874271186440678,175,,1.07092856098346,0.0503867872929886,1.43697607526664e-182,0.251441720029913,0.810334867447954,0.0865656788879033,1.85003803233015e-08,4.89627243081729,61.1346785500646,4.27439790906632,,22.0,120.0,0.5,0.08,,0.0172529986830453,0.00396173490849464,0.0111586512948294,0.00384871930278536,0.0192273378676144,0.00795968372030754,0.430770118666319,0.00610698158482841,11.4452238423414,,120.956927962152,28.0136074769938,,,0.999932101397246,,,1.03747152193757,-0.131916345686426,0.98456384609381,0.226385922613934,496001363,0.22222273081287,0.29924999999999,0.365749999999988,177839004,Cux2-CreERT2,177837320.0,Camk2a-tTA,265943423,Ai93(TITL-GCaMP6f)
2138,True,VISpm,517424762,Cux2-CreERT2/wt;Camk2a-tTA/wt;Ai93(TITL-GCaMP6f)/Ai93(TITL-GCaMP6f),1.83726697773877,511510753,False,1.0,1.0,1.0,0.613949152542373,175,,1.17853348755084,0.00039889726893243,1.50247390500806e-169,0.272314428470597,0.377933079206394,0.179311334233413,0.000743214687507503,4.13069532910983,34.410080074966,2.02893860198557,45.0,116.0,90.0,0.5,0.04,1.0,0.0946540256402916,0.0238076215951716,0.00945726343560158,0.00793444098864134,0.0298977416581615,0.0942601478940223,0.615881988144072,0.0782321019678136,82.0766119336267,,99.6851214376102,6.18583449466664,,,0.981772627042914,,,1.00016965639788,0.172700081578134,-0.794332278983329,0.228557804047083,496001363,0.339808910175375,0.199499999999993,0.232749999999992,177839004,Cux2-CreERT2,177837320.0,Camk2a-tTA,265943423,Ai93(TITL-GCaMP6f)
2139,True,VISpm,517424770,Cux2-CreERT2/wt;Camk2a-tTA/wt;Ai93(TITL-GCaMP6f)/Ai93(TITL-GCaMP6f),0.334767659032491,511510753,False,0.396820509477615,0.85304340234135,0.916088756225223,0.250118644067797,175,,1.15696954290645,0.000578249215533097,0.289957850202428,0.401516860856106,0.570958711132366,0.229974021659906,0.00748395984508659,6.24345488250256,3.18064003095031,4.8971439239252,0.0,,120.0,0.25,0.08,8.0,0.017167614629939,0.0497087020180429,-0.00136176164344129,0.0127206873036987,0.0224160346285496,0.0581679297478499,0.00447561441703957,-0.00814867055780917,,,,,,,0.995004756961393,,,0.539243463638516,-0.702845812360359,-0.704290309925003,0.202994137777272,496001363,0.345815650489536,,0.332499999999989,177839004,Cux2-CreERT2,177837320.0,Camk2a-tTA,265943423,Ai93(TITL-GCaMP6f)
2141,True,VISpm,517424786,Cux2-CreERT2/wt;Camk2a-tTA/wt;Ai93(TITL-GCaMP6f)/Ai93(TITL-GCaMP6f),1.33202401652441,511510753,False,0.669875169147966,0.413040077223244,0.341096246883067,0.596593220338983,175,0.81536087126574,0.502032625547778,0.0226569849330248,1.77248296962345e-06,0.192895636845792,0.197724031397796,0.175725019587846,0.00187999641951796,3.33250191658735,3.44882311858237,0.601237402558327,45.0,113.0,90.0,0.25,0.02,1.0,-1.35394349842312e-05,0.797122449715439,0.837673322930804,0.580406356283554,0.018498126552119,0.383887794586462,0.0396967147202604,-0.00849246373905587,,,,,,,0.999998122134368,,,-1.12787083149757,0.912976681175517,0.5565429002845,0.226195106502241,496001363,0.269961651861731,0.265999999999991,0.29924999999999,177839004,Cux2-CreERT2,177837320.0,Camk2a-tTA,265943423,Ai93(TITL-GCaMP6f)
2142,True,VISpm,517424793,Cux2-CreERT2/wt;Camk2a-tTA/wt;Ai93(TITL-GCaMP6f)/Ai93(TITL-GCaMP6f),,511510753,False,0.160010508641576,1.0,0.79881540504688,0.547796610169492,175,,1.01161904146253,0.218926705486488,2.83298884280528e-30,0.63163719637246,0.00742285844731443,0.0291642029844152,2.64915110262161e-27,11.4574661970139,53.8505292002112,60.6080902443826,,20.0,90.0,0.25,0.02,,-0.000988909329280866,0.801516860568612,0.755011595101939,0.920289095715719,0.077203491520276,0.0967348764607203,0.280279440988295,0.303226938760113,120.110619884093,,97.0598314544895,6.40219797996905,,,0.425265575902561,,,-0.462199347290239,0.729136128971935,-0.637584467544297,0.349305413188402,496001363,0.274151626389514,0.332499999999989,0.332499999999989,177839004,Cux2-CreERT2,177837320.0,Camk2a-tTA,265943423,Ai93(TITL-GCaMP6f)
2144,True,VISpm,517424816,Cux2-CreERT2/wt;Camk2a-tTA/wt;Ai93(TITL-GCaMP6f)/Ai93(TITL-GCaMP6f),0.953475427902243,511510753,False,0.864168569055857,0.712137868706206,0.81009100337947,0.0484237288135595,175,1.15342719646206,1.03873230580877,2.0186801982219e-05,0.000167012996469102,0.182064747014829,0.595769596909521,0.318073852298769,1.12021378488097e-10,7.62362626592318,2.29257504314184,10.2447562541965,45.0,81.0,0.0,0.25,0.04,1.0,0.0528652169120872,0.00829574321220994,0.00119846625518527,0.0119063896376022,0.00403202412774032,0.0261718491563051,-0.00123565253085184,0.0974084463778665,33.0345148431836,,92.960599213178,25.4209419486888,,,0.999982960659586,,,1.02557607961516,-0.533548925894352,0.895386094106429,0.226182368373166,496001363,0.273054920788992,0.265999999999991,0.29924999999999,177839004,Cux2-CreERT2,177837320.0,Camk2a-tTA,265943423,Ai93(TITL-GCaMP6f)
2145,True,VISpm,517424828,Cux2-CreERT2/wt;Camk2a-tTA/wt;Ai93(TITL-GCaMP6f)/Ai93(TITL-GCaMP6f),,511510753,False,0.156786102922345,0.657356314817083,0.746068516855872,0.63871186440678,175,,0.899250092438298,0.354715439694861,5.33547604574201e-20,0.058660678649735,0.00399858107943378,0.0736563188648105,0.000862034238615101,2.85780076086521,10.772734259814,2.98533407207578,,29.0,120.0,0.0,0.02,,0.029642361223205,0.0481326048171388,0.00978207407084167,0.00716766365756146,0.0165738920384014,0.021330191864188,0.0337753353139619,0.0191863846330762,,,,,,,0.995706367783907,,,-1.17313259937269,0.984706219595859,0.967680701055502,0.255872420993127,496001363,0.254089504219931,0.265999999999991,0.166249999999994,177839004,Cux2-CreERT2,177837320.0,Camk2a-tTA,265943423,Ai93(TITL-GCaMP6f)
2166,True,VISpm,517425089,Cux2-CreERT2/wt;Camk2a-tTA/wt;Ai93(TITL-GCaMP6f)/Ai93(TITL-GCaMP6f),,511510753,False,1.0,1.0,0.214492528437943,0.721864406779661,175,,0.406647614783234,0.00145994053447336,4.17092213395556e-17,0.600265287899465,0.0354659860680458,0.0306556613742473,4.24928556314541e-38,0.552714900920788,11.9359238536656,10.6681382210251,90.0,18.0,60.0,0.5,0.02,1.0,0.021109771200082,0.000413350550271326,0.0311899220040315,0.0331967690788805,0.170336597904213,0.0140350104589815,0.0186411075685118,0.0594768279438557,49.9694900154604,,72.8344358376446,20.0764254532597,,,0.999697395072953,,,0.71288320631461,0.989126425649175,-0.842480061452621,0.316398480818088,496001363,0.21828966335131,0.29924999999999,0.199499999999993,177839004,Cux2-CreERT2,177837320.0,Camk2a-tTA,265943423,Ai93(TITL-GCaMP6f)
2167,True,VISpm,517425096,Cux2-CreERT2/wt;Camk2a-tTA/wt;Ai93(TITL-GCaMP6f)/Ai93(TITL-GCaMP6f),,511510753,False,,,0.431614914598045,0.243525423728814,175,,1.7147204859764,5.02351539109935e-09,0.0265656282833515,0.233518686131285,0.029024606216712,0.0538032559950783,0.000637056815950201,-0.59870156981051,8.48712446570396,6.03970920480788,0.0,37.0,0.0,0.0,0.32,4.0,0.0137367420216871,0.0176545914327865,0.0535829769337095,0.0455061683318574,0.0343183659205657,0.0229538435103915,0.00814088835880184,0.0315118314532511,,104.181015113973,,,100.005494728198,32.6184976558076,0.999914011566121,,,-8.94244376198654,1.04939886436344,0.966928029831473,0.239564966770748,496001363,0.243514407598499,0.365749999999988,0.29924999999999,177839004,Cux2-CreERT2,177837320.0,Camk2a-tTA,265943423,Ai93(TITL-GCaMP6f)
2171,True,VISpm,517425116,Cux2-CreERT2/wt;Camk2a-tTA/wt;Ai93(TITL-GCaMP6f)/Ai93(TITL-GCaMP6f),0.504024566596625,511510753,False,0.448298148212991,0.751959736530606,0.827508151448192,0.524423728813559,175,0.943441400953016,0.979291320928612,1.26244102243109e-22,8.11929805557316e-07,0.0249663818926672,0.251550476912621,0.441705313908565,4.72785123420504e-13,12.1940583944321,5.67501415856183,5.6009355976068,45.0,21.0,60.0,0.5,0.04,1.0,0.0664764042116763,0.0143337828323431,0.0015471246706241,0.0404116900779459,0.0094856746443093,0.0837892234126368,0.0226848978211314,0.00691247466671232,,,,,,,0.999999246613066,,,0.887392050389698,-0.756453911765294,-0.469684584561967,0.26925420475072,496001363,0.416543761878501,0.265999999999991,0.265999999999991,177839004,Cux2-CreERT2,177837320.0,Camk2a-tTA,265943423,Ai93(TITL-GCaMP6f)
2172,True,VISpm,517425124,Cux2-CreERT2/wt;Camk2a-tTA/wt;Ai93(TITL-GCaMP6f)/Ai93(TITL-GCaMP6f),,511510753,False,0.569070158618545,0.777119770418756,0.562400320552679,0.740271186440678,175,,0.80865594539673,0.313590914012207,2.68614855605718e-52,0.163746420801394,0.000817117397541188,0.81002335983863,0.00193321439809689,1.71762326409419,25.3129696717113,2.63423660230272,,67.0,30.0,0.0,0.02,,-0.00263003248040002,0.00750282627013386,0.00295227581992416,0.019491387491621,0.0279672977984116,0.0183057097698155,0.353216786255494,-0.000861660280479429,,,,,,,0.999867243340947,,,-1.56504503528205,-0.864002348877249,0.223447517933469,0.174973034185276,496001363,0.230067447461817,0.199499999999993,0.166249999999994,177839004,Cux2-CreERT2,177837320.0,Camk2a-tTA,265943423,Ai93(TITL-GCaMP6f)
2173,True,VISpm,517425137,Cux2-CreERT2/wt;Camk2a-tTA/wt;Ai93(TITL-GCaMP6f)/Ai93(TITL-GCaMP6f),0.0797616059745811,511510753,False,0.0756876966177708,0.979699528367676,0.977101571429675,0.745694915254237,175,0.998902074108355,1.12197955839694,3.07704576817382e-32,9.49587173465405e-102,0.0260856022518287,0.27484777175785,0.0824100613310301,5.50643081969111e-95,33.8816086133321,50.6612702482939,64.2783736189206,270.0,38.0,90.0,0.25,0.04,1.0,0.412678755691256,0.11228222651845,0.0205016501058076,0.178604568512279,0.0101379730951493,0.0311735451242734,0.481700942204634,0.562240333067507,168.768824047141,,102.975244603724,22.7077142419498,,,0.605112445098752,,,0.855428911929223,-0.337612670690144,-0.489041904637188,0.392304747731323,496001363,0.3688126959381,0.199499999999993,0.29924999999999,177839004,Cux2-CreERT2,177837320.0,Camk2a-tTA,265943423,Ai93(TITL-GCaMP6f)
2192,True,VISpm,517425401,Cux2-CreERT2/wt;Camk2a-tTA/wt;Ai93(TITL-GCaMP6f)/Ai93(TITL-GCaMP6f),,511510753,False,0.397313621196067,0.569149313890323,0.420286470498211,0.100745762711864,175,,,0.238501773733703,0.131448913960469,0.185219391149921,0.995357763321591,0.136271239352135,0.189881048761788,1.67442211508751,5.8944757437706,5.83352502911015,,,,,,,0.021574032017507,0.00775064325491416,6.72550444296504e-05,0.00519180913358226,-0.00645537799060791,0.0258232389221436,0.00451891781737172,-0.00646609599771291,,,,,,,0.999999993782876,,,-1.21391393203674,0.00517631382611161,-0.723635961996724,0.242871067244963,496001363,0.287094753923386,,,177839004,Cux2-CreERT2,177837320.0,Camk2a-tTA,265943423,Ai93(TITL-GCaMP6f)
2195,True,VISpm,517425411,Cux2-CreERT2/wt;Camk2a-tTA/wt;Ai93(TITL-GCaMP6f)/Ai93(TITL-GCaMP6f),,511510753,False,0.849308644393166,0.577543479962372,0.71778296796029,0.589813559322034,175,,0.967483579241435,0.214040480744597,2.27685795305772e-05,0.618394788982471,0.79073841832348,0.0792175074344555,1.67807872759243e-05,1.70952129215002,6.97249733678997,2.50458962546319,,99.0,90.0,0.75,0.04,,0.021283036283737,0.0115492487491585,0.0417126954660799,0.0271904944278373,0.0223632070771487,-0.000140653837223197,0.0659719585518217,0.00369207190054036,,,,,,,0.99999999992052,,,0.442879780015909,-0.209509787592135,-0.947871790943839,0.180489287263033,496001363,0.261242956279959,0.232749999999992,0.365749999999988,177839004,Cux2-CreERT2,177837320.0,Camk2a-tTA,265943423,Ai93(TITL-GCaMP6f)
2213,True,VISpm,517425598,Cux2-CreERT2/wt;Camk2a-tTA/wt;Ai93(TITL-GCaMP6f)/Ai93(TITL-GCaMP6f),0.354926311995052,511510753,False,0.406135523867639,0.33811939673792,0.354997041741925,0.246084745762712,175,0.521802863784062,0.55659912193626,6.55467827933453e-23,1.13257430199818e-09,0.00116356563600864,0.208780753484326,0.298187325352348,2.23607447381676e-07,10.7409215132395,1.42482852429152,1.02949561424553,0.0,76.0,120.0,0.5,0.02,2.0,0.15871125182201,0.172567185352506,0.292603431139168,0.0951755487091897,0.0152900930247154,0.0341002997603546,0.0305663622275869,0.00921954785738414,,,,,,,1.0,,,0.774949677502233,-0.835182058398337,0.416552244509763,0.288261671217214,496001363,0.386281564285319,0.232749999999992,0.166249999999994,177839004,Cux2-CreERT2,177837320.0,Camk2a-tTA,265943423,Ai93(TITL-GCaMP6f)
2215,True,VISpm,517425614,Cux2-CreERT2/wt;Camk2a-tTA/wt;Ai93(TITL-GCaMP6f)/Ai93(TITL-GCaMP6f),0.261292245501016,511510753,False,0.261292245501016,1.0,0.237318566787057,0.819610169491525,175,1.30641310756867,0.319925979283589,2.24530147857538e-09,8.5590989804769e-123,0.149271565127057,0.0722523496016325,0.0954755935271067,9.20703411158697e-11,12.0860768516858,14.1061096471548,0.929531028717756,0.0,12.0,120.0,0.5,0.02,4.0,0.134658686631112,0.791769367962734,0.906104083216523,0.693000394541756,0.068837118932616,0.579906997195942,0.282808299761545,0.012664185098351,,,,,,,0.999999746533574,,,-0.928456879709164,0.521294767631106,0.62876510341258,0.281353894676347,496001363,0.2748351634265,0.29924999999999,0.232749999999992,177839004,Cux2-CreERT2,177837320.0,Camk2a-tTA,265943423,Ai93(TITL-GCaMP6f)
2217,True,VISpm,517425629,Cux2-CreERT2/wt;Camk2a-tTA/wt;Ai93(TITL-GCaMP6f)/Ai93(TITL-GCaMP6f),0.700854781043117,511510753,False,0.684123317328014,0.793204380360188,0.396986540940732,0.255966101694915,175,0.961805151099596,0.632477526757476,1.85471195770362e-10,8.22504491882372e-10,0.102533483828231,0.830040075156177,0.549552397162735,2.43912509593484e-79,8.46279567616681,1.01951732754707,1.8198244330287,90.0,20.0,90.0,0.25,0.02,2.0,0.0314849888276504,0.315761907003261,0.488581643039309,0.398528620771085,0.0595371135054923,0.186091363049901,0.0714821466087685,0.0930929220765741,,11.1708277455391,,,83.6191242559854,18.6132957588611,0.999999999996422,,,0.927472959897299,-0.115814611085553,0.195815516276275,0.3749195449352,496001363,0.287239545981378,0.232749999999992,0.232749999999992,177839004,Cux2-CreERT2,177837320.0,Camk2a-tTA,265943423,Ai93(TITL-GCaMP6f)
2219,True,VISpm,517425659,Cux2-CreERT2/wt;Camk2a-tTA/wt;Ai93(TITL-GCaMP6f)/Ai93(TITL-GCaMP6f),,511510753,False,1.0,1.0,0.438083564184302,0.640338983050847,175,,0.274898565528484,0.391071805262754,9.14809965853002e-238,0.313145681451473,0.0501715968785177,0.136391235321284,6.37972884422049e-10,0.268023979663849,58.8275196743012,3.6437441746681,,22.0,150.0,0.75,0.32,,0.0257661346912826,0.0147412671292899,0.0140145194374538,0.00886503872637738,-0.00200950259128785,0.0699978790770463,0.738427053057986,0.0537139130094319,,,,,,,0.999999786840161,,,1.32615053697467,0.42708533594497,-0.734895122649751,0.204730721786307,496001363,0.300242106968716,0.199499999999993,0.199499999999993,177839004,Cux2-CreERT2,177837320.0,Camk2a-tTA,265943423,Ai93(TITL-GCaMP6f)
2221,True,VISpm,517425747,Cux2-CreERT2/wt;Camk2a-tTA/wt;Ai93(TITL-GCaMP6f)/Ai93(TITL-GCaMP6f),0.537130131862961,511510753,False,0.558518998811775,0.905888554139433,0.510207605544704,0.576745762711864,175,,,4.83965466553004e-06,1.30219687863455e-10,0.377666128742746,0.010264938067277,0.624145018436884,4.79443660680249e-08,1.46866148337722,9.26213244974613,0.978478783019343,45.0,103.0,30.0,0.75,0.08,2.0,0.0264028292532363,0.784442854371215,0.501032443445272,0.528302774966561,0.17799376455435,0.203273496214963,0.0893193636665731,0.0106939838694142,,,,,,,0.999999999944065,,,0.433577181422831,0.934868740463622,-0.328364072490486,0.23392861391642,496001363,0.357798642244052,0.29924999999999,0.166249999999994,177839004,Cux2-CreERT2,177837320.0,Camk2a-tTA,265943423,Ai93(TITL-GCaMP6f)
2222,True,VISpm,517425751,Cux2-CreERT2/wt;Camk2a-tTA/wt;Ai93(TITL-GCaMP6f)/Ai93(TITL-GCaMP6f),,511510753,False,1.0,1.0,0.853264406840673,0.407881355932203,175,,,0.00244548793049735,0.000560659497530045,0.261832122448533,0.461869651465848,0.206775066386496,4.04806215587836e-17,5.41941338231166,8.62909901014413,4.98589364545686,45.0,49.0,90.0,0.25,0.08,8.0,-0.0204501228422551,0.0120809528583326,0.0445811260736902,0.00514709530564024,0.0103671039706334,0.0343651572183132,0.00541948135203998,0.005170236394668,,28.1857120093889,,,71.9786115004524,32.4937438658113,0.999725007818032,,,-1.2079753511811,0.643644695459791,1.01383710230188,0.19359247873588,496001363,0.320208194451763,0.0997499999999967,0.0664999999999978,177839004,Cux2-CreERT2,177837320.0,Camk2a-tTA,265943423,Ai93(TITL-GCaMP6f)
2245,True,VISpm,517426010,Cux2-CreERT2/wt;Camk2a-tTA/wt;Ai93(TITL-GCaMP6f)/Ai93(TITL-GCaMP6f),0.829236819608791,511510753,False,0.714667620040266,0.687219778400135,0.436123254743902,0.62628813559322,175,0.884582059587581,0.631372762737382,1.74811855523442e-29,9.08518075871506e-18,0.000950951797090135,0.0102804764681465,0.0063115395089602,1.1339160633915e-83,18.9158157229424,7.44082000462338,17.530787318324,45.0,51.0,150.0,0.0,0.16,15.0,0.156551538703069,0.017689453571724,0.0340658884373539,0.00682975449450762,0.0236611718377196,0.000988439747843889,0.0481075937814711,0.264528673198728,,,,,,,0.999973107070985,,,0.995449582723646,0.976843971625765,0.711501670592259,0.345697719302901,496001363,0.436928205881378,0.232749999999992,0.232749999999992,177839004,Cux2-CreERT2,177837320.0,Camk2a-tTA,265943423,Ai93(TITL-GCaMP6f)
2248,True,VISpm,517426050,Cux2-CreERT2/wt;Camk2a-tTA/wt;Ai93(TITL-GCaMP6f)/Ai93(TITL-GCaMP6f),,511510753,False,0.479529530259356,0.7562983953127,0.269143245350737,0.35971186440678,175,,,0.763900425106702,0.00351398857575599,0.28014781092057,0.492272461293928,0.301394973711665,0.159553937625375,10.493145686388,7.79458950983593,3.73420312911596,,99.0,,,,,0.00956689185323479,0.0187999253251516,0.0163097796945344,0.0182038274017771,0.0118311395979245,-0.00760859547056915,0.0358101848051226,-0.00647988383739325,,,,,,,0.999999992174547,,,0.811688308575341,0.773240286047122,-1.02332741941459,0.148083896707934,496001363,0.284545878501723,0.398999999999987,,177839004,Cux2-CreERT2,177837320.0,Camk2a-tTA,265943423,Ai93(TITL-GCaMP6f)
2249,True,VISpm,517426079,Cux2-CreERT2/wt;Camk2a-tTA/wt;Ai93(TITL-GCaMP6f)/Ai93(TITL-GCaMP6f),,511510753,False,1.0,1.0,0.775823835717029,0.587322033898305,175,,1.4024925220356,0.0380569838371914,3.07423028140144e-57,0.182385045443881,0.278418887021379,0.00909519271605449,1.55002883801146e-09,0.47293514162302,28.4165131047368,8.34322962485254,270.0,28.0,90.0,0.25,0.02,2.0,0.019072745525006,0.0300603537405692,0.0410268913706507,0.0256642054005293,0.259789175925367,0.0749935356493609,0.269518192550965,0.0633398433306909,69.8131821054276,,50.0839751936179,27.8892656944278,,,0.999999835188201,,,-1.52473259024901,0.303793625066641,-1.07443276801143,0.287633551692234,496001363,0.335241932192992,0.29924999999999,0.29924999999999,177839004,Cux2-CreERT2,177837320.0,Camk2a-tTA,265943423,Ai93(TITL-GCaMP6f)
2251,True,VISpm,517426143,Cux2-CreERT2/wt;Camk2a-tTA/wt;Ai93(TITL-GCaMP6f)/Ai93(TITL-GCaMP6f),0.846683605033071,511510753,False,0.358925675420057,0.150065766471888,0.780726192714096,0.292237288135593,175,0.330930756396487,0.984156935786314,9.08723947589178e-06,0.0263701253480812,0.959722247823684,0.198108962832287,0.297367160553706,4.02123139374837e-07,15.0029739737511,1.57229267887771,4.11808276882706,0.0,13.0,120.0,0.5,0.04,1.0,0.0167560859868602,-0.00347956858035915,0.0202155994723035,0.0142104275706753,0.0759788115752195,0.00573650154177472,0.00534823647547104,0.023562125631574,,,,,,,0.999998146723234,,,0.0560536097533054,0.991914091495102,0.924871141990591,0.178153856678644,496001363,0.300900601270487,0.365749999999988,0.365749999999988,177839004,Cux2-CreERT2,177837320.0,Camk2a-tTA,265943423,Ai93(TITL-GCaMP6f)
2252,True,VISpm,517426146,Cux2-CreERT2/wt;Camk2a-tTA/wt;Ai93(TITL-GCaMP6f)/Ai93(TITL-GCaMP6f),,511510753,False,0.316925557801657,0.32252981666533,0.407484178502953,0.41493220338983,175,,0.414037560153123,0.345571716040145,9.26694138109519e-08,0.00329143479142145,0.0153189126674884,0.0676804425914797,1.35405067502397e-08,0.824955117205779,2.38356494382024,1.60749096319079,,55.0,120.0,0.0,0.02,,0.0312928167102515,0.487768544262045,0.166110305306996,0.260607231773481,-0.00296781692816349,0.131587038015204,0.0315999534597562,0.0754943862267844,,,,,,,0.999999999996651,,,1.71261548665117,-0.924845636750742,0.582234887477453,0.29920438556654,496001363,0.316925018554491,0.199499999999993,0.232749999999992,177839004,Cux2-CreERT2,177837320.0,Camk2a-tTA,265943423,Ai93(TITL-GCaMP6f)
2253,True,VISpm,517426149,Cux2-CreERT2/wt;Camk2a-tTA/wt;Ai93(TITL-GCaMP6f)/Ai93(TITL-GCaMP6f),0.130261477475139,511510753,False,0.0445034787067967,0.614627226679184,0.94643538305345,0.499915254237288,175,1.2659578907614,1.51266027376735,5.22406694667642e-05,0.00882574528704646,0.531046057921183,0.342642380821995,0.739181535903243,0.0016805430401946,2.61172398924828,3.63611977905035,6.08142737390435,180.0,12.0,60.0,0.25,0.16,15.0,0.0515618226811274,0.0112193017479285,0.0189503525552519,0.0436684955471081,0.00446724223016144,0.0400121809035559,-0.00960902817657803,0.00203024295228249,,10.5245363220861,,,74.5057677637233,32.4970971585652,0.999483756033487,,,-0.226305569813676,0.975861477345375,-0.399599254317099,0.181720330724529,496001363,0.395407358083738,0.232749999999992,0.232749999999992,177839004,Cux2-CreERT2,177837320.0,Camk2a-tTA,265943423,Ai93(TITL-GCaMP6f)
2254,True,VISpm,517426156,Cux2-CreERT2/wt;Camk2a-tTA/wt;Ai93(TITL-GCaMP6f)/Ai93(TITL-GCaMP6f),,511510753,False,1.0,1.0,0.580048394952221,0.105118644067797,175,,,0.177562521616785,0.0869040172829347,0.0775286098809109,0.749417034687041,0.289531502951064,0.687492854485591,2.65978097667297,1.20044000335038,4.27461843646597,,,,,,,-0.00432689435022187,0.0408700388822926,0.0531251194192952,0.03206717026059,-0.0112626639355481,0.0053826734175357,0.00188700329738744,-0.00484454745191358,,,,,,,0.999972430566722,,,-1.49958644172876,-0.304714016829468,0.92749063776905,0.216756226050643,496001363,0.31697165101989,,,177839004,Cux2-CreERT2,177837320.0,Camk2a-tTA,265943423,Ai93(TITL-GCaMP6f)
29144,True,VISpm,588378718,Cux2-CreERT2/wt;Camk2a-tTA/wt;Ai93(TITL-GCaMP6f)/Ai93(TITL-GCaMP6f),,511510753,False,0.672505719347623,0.939816075017316,0.903585949722212,0.759101694915254,175,,1.39345650358469,0.945106253777334,2.0161330877152e-114,0.455860003875856,0.000636614613445639,0.188131751775796,0.0349317288086974,0.674229914122926,27.9534998794366,6.26242639459273,,117.0,120.0,0.75,0.32,,-0.00888959529746455,0.00783303109420841,0.00559125050814144,0.0109841447827885,-0.0064950524072429,0.0103862443739717,0.389492323944829,-0.00319849128105962,,,,,,,0.999999931962043,,,-0.791218877025687,0.877549017907121,0.963445331222438,0.202901850389335,496001363,0.397843823063997,0.232749999999992,,177839004,Cux2-CreERT2,177837320.0,Camk2a-tTA,265943423,Ai93(TITL-GCaMP6f)
29145,True,VISpm,588378739,Cux2-CreERT2/wt;Camk2a-tTA/wt;Ai93(TITL-GCaMP6f)/Ai93(TITL-GCaMP6f),,511510753,False,1.0,1.0,0.716325536188641,0.811983050847458,175,,1.04250521913418,0.0682575736415427,1.2475476729351e-226,0.40371575257779,0.00389281147188657,0.104157245971262,3.04376225206818e-15,5.22185251216094,84.1959775304794,7.04853175398038,,13.0,30.0,0.0,0.02,,-0.000177064324526309,0.00632888690237363,0.0538351317440329,0.0449117795586741,0.0235433308171989,0.0138051841624257,0.715120440221344,0.0945672525151263,,11.3291137775272,,,41.6050903860998,18.567859161596,0.999632597765727,,,-0.854724634432939,0.494102978881643,0.890542469524037,0.272842971637251,496001363,0.329558663036425,0.29924999999999,0.29924999999999,177839004,Cux2-CreERT2,177837320.0,Camk2a-tTA,265943423,Ai93(TITL-GCaMP6f)
29151,True,VISpm,588379086,Cux2-CreERT2/wt;Camk2a-tTA/wt;Ai93(TITL-GCaMP6f)/Ai93(TITL-GCaMP6f),,511510753,False,1.0,1.0,0.397249257846403,0.617847457627119,175,,1.97842435571766,0.148943007745278,3.8917812502923e-95,0.322111369580508,0.000510751728236721,0.0375639717504136,1.51556807608939e-05,1.19482061161349,18.6542349696159,2.77448019074897,,53.0,60.0,0.5,0.08,,0.0245964029958362,-0.00792725879919715,0.00685567452936621,0.0262686939915865,0.0927332197397264,0.00690984277100037,0.209596225879578,-0.00587077954878024,,,,,,,0.999999512913825,,,0.798787828597071,0.542945591437688,0.67817917555117,0.210441520610417,496001363,0.180283054303126,0.166249999999994,0.0332499999999989,177839004,Cux2-CreERT2,177837320.0,Camk2a-tTA,265943423,Ai93(TITL-GCaMP6f)
